"Общество с ограниченной ответственностью ""Управляющая компания ""Ставрополь""";2635118577;355013, Ставропольский край, г. Ставрополь, ул. Достоевского, д. 75, помещение 139;1082635017860;;
"Муниципальное унитарное предприятие ""Жилищно-эксплуатационная компания Шпаковского муниципального округа Ставропольского края""";2623804170;356240, Ставропольский край, Шпаковский район, г. Михайловск, ул. Фрунзе, 9;1142651029212;;
"Общество с ограниченной ответственностью ""Топаз""";2634815568;355035, Ставропольский край, г. Ставрополь, ул. Мира, д. 295,  корп. 1,2;1142651027925;;
"Общество с ограниченной ответственностью ""Ставропольская городская управляющая компания""";2635130630;355042, Ставропольский край, г. Ставрополь, 2-й Юго-Западный проезд, 2г;1102635000456;;
"Общество с ограниченной ответственностью ""Управляющая компания ""Гарант""";2636050586;355047, Ставропольский край, г. Ставрополь, пр. Кулакова, д. 49/2 ;1062635141293;;
"Общество с ограниченной ответственностью Управляющая компания ""РАЗВИТИЕ""";2634088062;355035, Ставропольский край, г. Ставрополь,                  ул. Мира, д. 295, корп. 1, 2;1092635015890;;
"Общество с ограниченной ответственностью ""Управляющая компания ""Комфорт Сервис""";2635110419;355040, Ставропольский край, г. Ставрополь, ул. Тухачевского, 20/6;1082635001899;;
"Общество с ограниченной ответственностью ""Управляющая компания ""КС 1""";2635123986;355000, Ставропольский край, г. Ставрополь, ул. Родосская, 2;1092635004978;;
"Общество с ограниченной ответственностью управляющая компания ""Приоритет""";2634804171;355002, Ставропольский край, г. Ставрополь, ул. Ломоносова, д. 63;1112651033241;;
"Общество с ограниченной ответственностью ""Управляющая компания ""Город Роз""";2635817656;355021, Ставропольский край, г. Ставрополь, ул. Черниговская, д. 4/1, офис 147;1132651000680;;
"Общество с ограниченной ответственностью УПРАВЛЯЮЩАЯ КОМПАНИЯ ""ЛУЧ""";2615801792;356000, Ставропольский край, Новоалександровский район, г. Новоалександровск, ул.Ленина, 117-б;1142651016705;;
"Общество с ограниченной ответственностью ""УПРАВЛЯЮЩАЯ КОМПАНИЯ № 99""";2623804155;356246, Ставропольский край, Шпаковский район, г. Михайловск, ул. Музыкальная, д. 6, офис 16;1142651029058;;
"Общество с ограниченной ответственностью ""Строитель-7""";2607013406;356140, Ставропольский край, г. Изобильный, Территория ГСП-36;1022600668056;;
"Общество с ограниченной ответственность ""Управляющая компания""";2607018443;356140, Ставропольский край, г.Изобильный, ул. Матросова, 2;1052600016116;;
"Общество с ограниченной ответственностью ""Управляющая компания ""Черёмушки""";2632805765;357502, Ставропольский край, г. Пятигорск, ул. Булгакова, д. 5;1122651029412;;
"Общество с ограниченной ответственностью Управляющая компания ""Восточная""";2624032656;356800, Ставропольский край, г. Буденновск, Микрорайон 1, дом № 23;1092646000985;;
"Муниципальное унитарное предприятие ""Гарантия"" г. Невинномысска";2631800612;357108, Ставропольский край, г. Невинномысск, ул. Менделеева, д. 34А;1102651004906;;
"Общество с ограниченной ответственностью Управляющая компания ""Авангард""";2635123619;355029, Ставропольский край, г. Ставрополь, ул. М. Морозова, д. 104.;1092635004439;;
"Общество с ограниченной ответственностью ""Новый город""";2632805532;357502, Ставропольский край, г. Пятигорск, ул. Университетская, д. 32 а;1122651027410;;
"Общество с ограниченной ответственностью ""НИКА-С""";2636802927;355017, Ставропольский край, г. Ставрополь, ул. Ленина, д. 219, оф. 5;1112651032053;;
"Общество с ограниченной ответственностью Управляющая компания ""РИТМ-2""";2607000157;356140, Ставропольский край, Изобильненский район, г. Изобильный, ул. Доватора, д 1Б;1152651000864;;
"Общество с ограниченной ответственностью ""Домовой""";2623803200;356240, Ставропольский край, Шпаковский район, г. Михайловск, ул. Полеводческая, д. 12 офис 21.22.23;1132651031600;;
"Общество с ограниченной ответственностью ""Пятнадцатая управляющая компания ""Преображение""";2634803636;355000, Ставропольский край, г. Ставрополь, ул. Ленина, д. 287;1112651027092;;
"Общество с ограниченной ответственностью Управляющая компания ""Авантаж""";2634088094;355012, Ставропольский край, г. Ставрополь, ул. Мира, д. 149, цоколь;1092635015912;;
"Общество с ограниченной ответственностью ""Премьер""";2631050014;357108, Ставропольский край, г. Невинномысск, ул. Павлова, д. 7;1092648001357;;
"Общество с ограниченной ответственностью Управляющая Компания ""Управление жилищным фондом""";2632810677;357501, Ставропольский край, г. Пятигорск, просп. Калинина, д.2 корп.3;1142651002152;;
"Общество с ограниченной ответственностью Управляющая компания ""МИР""";2632810660;357501, Ставропольский край, г. Пятигорск,                просп. Калинина, д.2 корп.3;1142651002141;;
"Общество с ограниченной ответственностью ""Жилищно-эксплуатационный комбинат № 1""";2630034764;357202, Ставропольский край, г.Минеральные Воды, ул.Красного Октября, 121А;1052601027160;;
"Общество с ограниченной ответственностью Управляющая компания ""Районная управляющая компания""";2625800974;Ставропольский край, Георгиевский район, г. Георгиевск, ул. Мира, 8/1;1122651014530;;
"Общество с ограниченной ответственностью ""Специальные строительные системы""";2635087657;355000, Ставропольский край, г. Ставрополь, ул. 50 лет ВЛКСМ, д.93. офис 175;1062635066339;;
"Общество с ограниченной ответственностью ""Трест жилищного хозяйства-1""";2625800396;357820, Ставропольский край, г. Георгиевск, ул. Кирова, № 113;1112651013485;;
"Общество с ограниченной ответственностью ""Согласие""";2625800389;357820, Ставропольский край, г. Георгиевск, ул. Кирова, № 113;1112651013474;;
"Общество с ограниченной ответственностью Управляющая компания ""Западная";2624032649;356800, Ставропольский край, г. Буденновск, ул.Октябрьская д. 81;1092646000996;;
"Общество с ограниченной ответственностью Управляющая компания ""Северная""";2624032254;356800, Ставропольский край, г. Буденновск, Микрорайон 7 д. 31;1092646000380;;
"Общество с ограниченной ответственностью Управляющая компания ""Южная""";2624032261;356800, Ставропольский край, г.Буденновск, Микраройон 8, д. 11А;1092646000370;;
"Общество с ограниченной ответственностью ""Союз""";2632075808;357500, Ставропольский край, г. Пятигорск, ул. 295 Стрелковой дивизии, д. 13 корп. 3;1052600220243;;
"Общество с ограниченной ответственностью ""Салют""";2632810349;357500, Ставропольский край, г. Пятигорск, ул. Мира, 39;1132651032975;;
"Общество с ограниченной ответственностью Управляющая компания ""ЭК-Рост""";2632800492;357502, Ставропольский край, г. Пятигорск, ул.Кучуры, д. 2;1112651005048;;
"Общество с ограниченной ответственностью Управляющая компания ""НАДЕЖДА""";2632086969;357502, Ставропольский край, г. Пятигорск, ул. Университетская, д. 32 а;1072632004356;;
"Общество с ограниченной ответственностью Управляющая компания ""Коммунальщик 1""";2632801859;357500, Ставропольский край, г. Пятигорск, ул. Панагюриште, 16 корп. 2;1112651023462;;
"Общество с ограниченной ответственностью Управляющая компания ""Строй Ком КМВ""";2632801168;357500, Ставропольский край, г. Пятигорск, ул. Панагюриште, д. 16, корп. 2;1112651013650;;
"Общество с ограниченной ответственностью ""Жилье-Сервис""";2626040067;357600, Ставропольский край, г.Ессентуки, ул. Вокзальная, 33 а;1092650000420;;
"Общество с ограниченной ответственностью ""Дом Сервис""";2628054259;357700, Ставропольский край, г.Кисловодск, ул. Кабардинская, д. 41А;1092628001333;;
"Общество с ограниченной ответственностью ""Управляющая компания ""Альтернатива""";2627800271;357401, Ставропольский край, г. Железноводск, ул. Московская, д. 17;1112651019623;;
"Общество с ограниченной ответственностью ""РЕМОНТНО-ЭКСПЛУАТАЦИОННЫЙ УЧАСТОК 1""";2631804744;357108, Ставропольский край. г. Невинномысск, ул. Менделеева, 34А;1132651027398;;
Муниципальное унитарное предприятие жилищно-коммунального хозяйства Изобильненского городского округа Ставропольского края поселка Рыздвяного;2607017263;356110, Ставропольский край, Изобильненский район, пос. Рыздвяный, ул. Южная, д. 3;1032600036611;;
"Общество с ограниченной ответственностью ""ЖИЛЬЕ-СЕРВИС ГОРОДА МИХАЙЛОВСКА""";2623023000;356245, Ставропольский край, г. Михайловск, ул. Гоголя, 111/1;1082645000690;;
"Общество с ограниченной ответственностью ""ЦЕНТР ОБСЛУЖИВАНИЯ МКД ШПАКОВСКОГО РАЙОНА""";2623025293;356245, Ставропольский край, г. Михайловск, ул. Гоголя, 111/1;1152651001612;;
"Общество с ограниченной ответственностью ""Жилищно-эксплуатационное управление № 4""";2636809249;355006, Ставропольский край, г. Ставрополь, просп. Карла Маркса, 69;1142651015033;;
"Общество с ограниченной ответственностью ""Уют плюс""";2635819036;355047, Ставропольский край, г. Ставрополь, ул. Октябрьская, д. 184, литер В, каб. 302;1132651005541;;
"Общество с ограниченной ответственностью ""Благополучие""";2635134787;355000, Ставропольский край, г. Ставрополь, ул. Серова, д. 9, корп. 1, оф. 2,3,7;1102635007386;;
"Общество с ограниченной ответственностью ""Эвилин-экспо""";2635118591;355004, Ставропольский край, г. Ставрополь, переулок Крупской,               д. 29, офис 303;1082635017937;;
"Общество с ограниченной ответственностью Управляющая Компания ""Перспектива""";2628046868;357700, Ставропольский край, г. Кисловодск, ул. 40 лет Октября, 35;1062628007166;;
"Общество с ограниченной ответственностью ""Домоуправление № 1""";2628049900;357703, Ставропольский край, г. Кисловодск, просп. Победы, д. 91;1072628001588;;
"Общество с ограниченной ответственностью ""Первое Домоуправление""";2628048495;357748, Ставропольский край, г. Кисловодск, просп. Победы, д. 91;1062628013194;;
"Муниципальное унитарное предприятие города Лермонтова Ставропольского края ""Ремонт и содержание жилищного фонда""";2629800686;357342, Ставропольский край, г. Лермонтов, ул. Пятигорская, 13;1132651015859;;
"Общество с ограниченной ответственностью ""Жилье Комфорт Хозяйство""";2629800647;357340, Ставропольский край, г. Лермонтов, проезд Химиков, д. 5;1132651014110;;
"Общество с ограниченной ответственностью ""Мастер-Дом""";2618018607;357350, Ставропольский край, Предгорный район, ст. Ессентукская. ул. Павлова, д. 16;1072650002864;;
"Общество с ограниченной ответственностью Управляющая компания ""ВЕЛЕС""";2632802813;357500, Ставропольский край, г. Пятигорск, ул. Крайнего, д.2 копус А, кв. 303;1112651035166;;
"Общество с ограниченной ответственностью ""УПРАВДОМ""";2630039392;357201, Ставропольский край, Минераловодский район, г. Минеральные Воды, ул.Московская, 16;1072649001930;;
"Общество с ограниченной ответственностью ""Феникс""";2630035493;357351, Ставропольский край, г. Минеральные Воды, ул. Почтовая, д. 24;1052601045936;;
"Общество с ограниченной ответственностью ""Исток""";2619000176;357910, Ставропольский край, г.Зеленокумск, ул.Мельничная, 36 И;1022601009705;;
"Общество с ограниченной ответственностью ""Управляющая компания ""Содружество""";2618801215;357350, Ставропольский край, Предгорный район, станица Ессентукская, ул.Гагарина, д. 92;1132651004485;;
"Общество с ограниченной ответственностью ""Управляющая компания ""Многоэтажник""";2635824195;355045, Ставропольский край, г. Ставрополь, ул. Пирогова, д. 64/2, кв. 72;1132651024670;;
"Общество с ограниченной ответственностью ""Ставропольская Управляющая Компания""";2635077271;355037, Ставропольский край, г. Ставрополь, ул. Шпаковская, д. 107, корп.А;1042600337493;;
"Общество с ограниченной ответственностью ""СТУК""";2635117816;355037, Ставропольский край, г. Ставрополь, ул. Шпаковская, 107, корп А;1082635016640;;
"Общество с ограниченной ответственностью ""Жилищная управляющая компания № 4""";2636048185;355006, Ставропольский край, г. Ставрополь, просп. Карла Маркса, 69;1062635029698;;
"Общество с ограниченной ответственностью ""Управляющая компания г. Ставрополя""";2635812457;355008, Ставропольский край, г. Ставрополь,             ул. Войтика, д. 4/1, помещение 18;1122651015882;;
"Общество с ограниченной ответственностью управляющая компания ""Проспект""";2635831146;355045, Ставропольский край, г. Ставрополь,                   ул. Пирогова, д. 18, коп. 4;1142651016474;;
"Общество с ограниченной ответственностью ""Управляющая компания ""Стандарт""";2634059583;355005, Ставропольский край, г. Ставрополь, ул. Л.Толстого, д. 114, оф.204;1032600971480;;
"Общество с ограниченной ответственностью ""СтавЮгИнвест""";2635086445;355042, ставропольский край. г.Ставрополь, ул. 50 лет ВЛКСМ, 53/6;1062635021591;;
"Общество с ограниченной ответственностью Управляющая компания ""Паритет""";2635830632;355042, Ставропольский край, г.Ставрополь, ул.Доваторцев, 59/2;1142651014989;;
"Общество с ограниченной ответственностью ""ГУК Высотка""";2635131585;355042, Ставропольский край, г. Ставрополь, ул. Доваторцев, д. 59, корп. 2, оф. 1-16;1102635002062;;
"Общество с ограниченной ответственностью ""Гарден Сити""";2636044536;355000, Ставропольский край, г.Ставрополь, ул. Лермонтова, 365;1042600303294;;
"Общество с ограниченной ответственностью ""Управляющая компания Гранит""";2635833320;355008, Ставропольский край, г.Ставрополь, просп. К. Маркса, д. 7, корпус 2, офис 423-424;1142651024493;;
"Общество с ограниченной ответственностью ""УПРАВЛЯЮЩАЯ КОМПАНИЯ ""ДОМОВОЙ КОМИТЕТ""";2635827132;355045, Ставропольский край г.Ставрополь. ул.Пирогова, д. 15, корп.1, кв.438;1142651002757;;
"Общество с ограниченной ответственностью Управляющая компания ""Вершина""";2628054322;357700, Ставропольский край, г. Кисловодск, ул. Героев Медиков, 22;1092628001355;;
"Общество с ограниченной ответственностью Управляющая компания ""Люкс""";2628049121;357736, Ставропольский край, г. Кисловодск, ул.Героев Медиков, 22;1072628000796;;
"Общество с ограниченной ответственностью ""Георгиевская Управляющая Компания-1""";2625800558;357821, Ставропольский край, г. Георгиевск, ул. Тронина, 9;1062625008159;;
"Общество с ограниченной ответственностью ""ОМЕГА""";2625037015;357831, Ставропольский край, г.Георгиевск, ул. Тургенева, д. 4;1102625000741;;
"Общество с ограниченной ответственностью ""Георгиевск-жилищно-эксплуатационное управление""";2625032803;357823, Ставропольский край, г.Георгиевск, ул.Ермолова, 35;106262501421;;
"Общество с ограниченной ответственностью ""ЖИЛОЙ КВАРТАЛ""";2625800149;357831, Ставропольский край, г.Георгиевск, ул.Кочубея, д. 13;1102651004940;;
"Общество с ограниченной ответственностью ""Держена""";2625038354;357807, Ставропольский край, Георгиевский район, станица Незлобная, ул. Ульянова, д. 41;115261006166;;
"Общество с ограниченной ответственностью ""Управляющая компания ""Тройка""";2631040143;357114, Ставропольский край, г. Невинномысск, ул. Северная, д. 4 корпус А;1092648000940;;
"Общество с ограниченной ответственностью ""НАШ ДОМ""";2631803211;357115, Ставропольский край, г. Невинномысск, ул. Дунаевского, д. 5;1122651027905;;
"Общество с ограниченной ответственностью ""Управляющая компания Курорта""";2627025456;357400, Ставропольский край, г.Железноводск, ул.Ленина, д. 127, пом. 27-31;1112647000036;;
"Муниципальное унитарное предприятие ""Жилищно-коммунальное хозяйство"" Ипатовского района Ставропольского края";2608007701;35630, Ставропольский край, Ипатовский район, г. Ипатово, ул. Голубовского, 123;1022602622415;;
"Общество с ограниченной ответственностью Строительная компания ""ДОМИНВЕСТ""";2614019046;356880, Ставропольский край, г.Нефтекумск, ул.Винокурова, д. 8 кв. 1;1052600681748;;
"Общество с ограниченной ответственностью ""Ремонтно-жилищная компания""";2632802267;357502, Ставропольский край, г.Пятигорск, ул.Кучуры, д. 2;1112651028379;;
"Общество с ограниченной ответственностью Управляющая компания ""Уют-Ессентуки""";2626043685;357600, Ставропольский край, г.Ессентуки, ул.Володарского, д. 55;1152651006936;;
"Общество с ограниченной ответственностью ""Управляющая компания""";2636041729;355011, Ставропольский край, г. Ставрополь, ул. 45 Параллель, д. 39б;1032600962459;;
"Общество с ограниченной ответственностью ""ЖЭУ-7 ""Септимо""";2634088070;355035, Ставропольский край, г.Ставрополь, ул.Лермонтова, 181;1092635015901;;
"Общество с ограниченной ответственностью управляющая компания ""Южный округ""";2635128085;355021, Ставропольский край, г.о. Город Ставрополь, ул. А. Савченко, д. 38, к. 11, помещ. 5;1092635011523;;
"Общество с ограниченной ответственностью ""Торос""";2634040222;355000, Ставропольский край, г.Ставрополь, ул. Лермонтова,      193-А;1022601985086;;
"Общество с ограниченной ответственностью ""Северо-Запад""";2635085586;355044, Ставропольский край, г.Ставрополь, ул. Васильева, д. 27;1062635000614;;
"Общество с ограниченной ответственностью ""Девятка""";2635117982;355044, Ставропольский край, г. Ставрополь, ул.Васильева, д. 27;1082635016970;;
Муниципальное унитарное жилищное ремонтно-эксплуатационное предприятие № 5 Октябрьского района города Ставрополя;2636032241;355035, Ставропольский край, г.Ставрополь, ул.Советская, д. 5;1022601973954;;
"Общество с ограниченной ответственностью ""Управляющая компания ""ЖелезноводскЖилСервис""";2627023995;357405, Ставропольский край, г. Железноводск, ул. Энгельса, 41, оф. 1;1092647000445;;
"Общество с ограниченной ответственностью ""Управляющая компания Авдеев""";2635810114;355045, Ставропольский край, г.Ставрополь. ул.Пирогова. Д.62/1 кв.138;1122651005663;;
"Общество с ограниченной ответственностью Управляющая компания ""КМВ Строй 1""";2632003112;357500, Ставропольский край, г. Пятигорск, ул. Панагюриште, д. 16, корп. 2;1152651006045;;
"Общество с ограниченной ответственностью ""РАКУРС""";2630804149;357202, Ставропольский край, г. Минеральные Воды, ул. Терешковой, д.18;1142651003527;;
"Общество с ограниченной ответственностью ""УПРАВЛЯЮЩАЯ КОМПАНИЯ КОЧУБЕЕВСКОГО РАЙОНА""";2610801301;357000, Ставропольский край, Кочубеевский район, с.Кочубеевское, ул. Октябрьской революции, 45;1142651026979;;
"Общество с ограниченной ответственностью ""Фортуна""";2625801897;357831, Ставропольский край, г. Георгиевск, ул. Тургенева, д. 14;1132651031369;;
"Общество с ограниченной ответственностью ""Георгиевская Крепость""";2625801223;357827, Ставропольский край, г. Георгиевск, ул. Калинина, 121 корпус 1;1122651028323;;
"Общество с ограниченной ответственностью ""ПРОМЫШЛЕННО-СТРОИТЕЛЬНАЯ ФИРМА СУ-10""";2627017367;357433, Ставропольский край, г.Железноводск,пос. Иноземцево, ул.Промышленная, д. 9;1022603424722;;
"Общество с ограниченной ответственностью ""КОНТАКТ""";2627024068;357433, Старвопольский край, поселок Иноземцево, ул. Шоссейная, д. 209;1092647000555;;
"Общество с ограниченной ответственностью ""Ассоциация сервиса""";2628802296;357700, Ставропольский край, г. Кисловодск, ул. Линейная, д.45;1132651028663;;
"Общество с ограниченной ответственностью ""Городская Управляющая Компания""";2628053551;357700, Ставропольский край, г.Кисловодск, ул.Островского, д. 33 кв. 26;1092628000574;;
"Общество с ограниченной ответственностью ""КИПАРИС""";2626039079;357600, Ставропольский край, г. Ессентуки,                        ул. Орджоникидзе,               д. 81, корп. 1;1082650001807;;
"Общество с ограниченной ответственностью управляющая компания ""Мастер-плюс""";2621003456;356170, Ставропольский край, Труновский район, с.Донское, ул.Титова, 62;1022603023850;;
"Общество с ограниченной ответственностью ""Ремонтно-эксплуатационная компания № 7""";2631804751;357100, Ставропольский край, г. Невинномысск, ул. Гагарина, д. 55;1132651027409;;
"Общество с ограниченной ответственностью УПРАВЛЯЮЩАЯ КОМПАНИЯ ""ДРУЖБА""";2631805025;357010, Ставропольский край, г.Невинномысск, ул.Шевченко, 6А.;1132651031413;;
"Общество с ограниченной ответственностью Управляющая компания ""Осетинка""";2635813612;355003, Ставропольский край, г.Ставрополь, ул. Ленина, д. 359, кв. 43;1122651020997;;
"Общество с ограниченной ответственностью Управляющая компания ""Ваш уютный дом""";2635803639;355037, Ставропольский край, г. Ставрополь,                   ул. Тельмана, д. 244,                  помещ. 28-30;1112651006137;;
"Общество с ограниченной ответственностью ""Специализированное  управление механизированного строительства""";2630026629;357217, Ставропольский край, Минераловодкий район, п. Анджиевский, ул. Заводская, д. 34, оф. 2;1022601449969;;
"Общество с ограниченной ответственностью ""Технико-Эксплуатационная группа""";2632808195;357502, РОССИЯ, СТАВРОПОЛЬСКИЙ КРАЙ, ГОРОД-КУРОРТ ПЯТИГОРСК Г.О., ПЯТИГОРСК Г., ПЯТИГОРСК Г., КАЛИНИНА ПР-КТ, ЗД. 92, ОФИС 320;1132651014836;;
"Общество с ограниченной ответственностью ""Управляющая компания ""ЖСК26""";2632006057;357538, Ставропольский край, г. Пятигорск, Бештаугорское шоссе, д. 26, стр. 1;1152651009830;;
"Общество с ограниченной ответственностью Управляющая компания ""Аркадия""";2632807547;357502, Ставропольский край, , г. Пятигорск,                       ул. Оранжерейная                 д. 21, корп. 4, кв. 54;1132651008082;;
"Общество с ограниченной ответственностью ""БАСТИОН""";2631805811;357114, Ставропольский край,                                  г.Невинномысск, ул.Бульвар Мира, д.30, кв.28;1142651017189;;
"Общество с ограниченной ответственностью управляющая компания ""Александровское""";2601800125;356304, Ставропольский край, район Александровский, село Александровское,              ул. Калинина, д. 27;1122651000670;;
"Общество с ограниченной ответственностью ""ДИНАСТИЯ""";2626043780;357634, Ставропольский край, г.Ессентуки, пер.Кирова, д. 12;1152651008267;;
"Общество с ограниченной ответственностью ""ИГНИС""";2619012291;357920, Ставропольский край, Советский район, с. Солдато-Александровское, ул.Шоссейная, д. 17 кв. 17;1072641002796;;
"Общество с ограниченной ответственностью ""Гранд-Жильё""";2626044079;357600, Ставропольский край, г. Ессентуки, ул. Свердлова, д. 7, кв. 40;1152651013833;;
"Общество с ограниченной ответственностью ""Престиж""";2634092541;355037, Ставропольский край, г. Ставрополь,            ул. Серова, д. 6/1,             офис 3;1152651013052;;
"Муниципальное унитарное предприятие ""Центр жилищно-коммунального хозяйства"" Благодарненского городского округа Ставропольского края";2605009394;356420, Ставропольский край, г.Благодарный, ул.Московская, 250;1022602420532;;
"Общество с ограниченной ответственностью ""СОДЕЙСТВИЕ""";2635211914;355000, Ставропольский край, г. Ставрополь, проспект Юности, д. 9 А, офис 109 В;1152651019003;;
"Общество с ограниченной ответственностью Управляющая компания города Ставрополя ""Центральная""";2636208030;355003, Ставропольский край, г. Ставрополь, ул. Ленина, д. 351, оф. 3;1152651015000;;
"Общество с ограниченной ответственностью ""Пятая управляющая""";2635211544;355044, Ставропольский край, г. Ставрополь, проспект Юности, д. 9 А, офис 109 А;1152651017518;;
"Общество с ограниченной ответственностью Управляющая компания ""Диалог""";2635808860;355003, Ставропольский край, г. Ставрополь, ул. М.Морозова, д. 104, офис 1;1112651034847;;
"Общество с ограниченной ответственностью ""Управляющая компания ""Кристалл""";2635210692;355029, Ставропольский край, г.Ставрополь, ул.Ленина, 417;1152651014306;;
"Общество с ограниченной ответственностью ""Надежный Дом""";2634093633;355037, Ставропольский край, г. Ставрополь,              ул. Шпаковская,                    д. 107А, офис 1;1152651022150;;
"Общество с ограниченной ответственностью ""Капитал Сервис""";2631802585;357100, Ставропольский край, г. Невинномысск, ул.Гагарина, д. 51, кв. 84;1122651011757;;
"Общество с ограниченной ответственностью ""ФЛАГМАН""";2631034580;357114, Ставропольский край, г. Невинномысск, бульвар Мира, д. 30, кв. 28;1152651028243;;
"Общество с ограниченной ответственностью ""Управляющая компания ""Стройресурс""";2634094362;355012, Ставропольский край, г. Ставрополь, ул. Добролюбова, д. 53;1152651027451;;
"Общество с ограниченной ответственностью ""Изумрудный Город""";2634094098;355021, Ставропольский край, г. Ставрополь, ул. 45 Параллель, д. 75, офис 2;1152651025120;;
"Общество с ограниченной ответственностью ""КВАРТАЛ""";2631034654;357111, Ставропольский край, г. Невинномысск, ул. Водопроводная, д. 357 А;1152651029849;;
"Общество с ограниченной ответственностью ""Управляющая компания Кавказских Минеральных Вод""";2626045227;357633, Ставропольский край, город Ессентуки, улица Большевистская, дом 59, корпус А;1162651055709;;
"Общество с ограниченной ответственностью ""Актив КМВ""";2626045273;357350, Ставропольский край, Предгорный район, станица Ессентукская, ул. Гагарина, д. 56А, помещение 6;1162651055874;;
"Общество с ограниченной ответственностью Управляющая компания ""Новая восьмая г. Ставрополя""";2635218405;355042, Ставропольский край, г. Ставрополь,              ул. 50 лет ВЛКСМ,                 д. 18, корп. б, офис 73;1162651057140;;
"Общество с ограниченной ответственностью ""ЭКО - защита""";2634805640;355020, Ставропольский край, г. Ставрополь, ул. Достоевского, д. 75, кв.225;1122651014452;;
"Общество с ограниченной ответственностью ""Стабильная управляющая компания-6""";2635219550;355042, Ставропольский край, г. Ставрополь,             ул. 50 лет ВЛКСМ,              д. 18, корп. Б, офис 7;1162651061100;;
"Общество с ограниченной ответственностью Управляющая Компания ""КВАДРАТНЫЕ МЕТРЫ""";2626045668;357351, Ставропольский край, станица  Ессентукская, ул. Гагарина, д. 100, каб. № 34;1162651064201;;
"Общество с ограниченной ответственностью Управляющая компания ""ДОМ-С""";2632104992;357502, Ставропольский край, г. Пятигорск, ул. Фабричная, д. 9;1162651063860;;
"Общество с ограниченной ответственностью ""Комфорт Строй""";2632104738;357500, Ставропольский край, г. Пятигорск, ул. Подстанционная, д. 24, офис 1;1162651061088;;
"Общество с ограниченной ответственностью ""ЭКО-ГАЗ""";2629800710;357340, Ставропольский край, г. Лермонтов, ул. Волкова, д. 9;1132651017520;;
"Общество с ограниченной ответственностью ""Кисловодск""";2628057718;357736, Ставропольский край, г. Кисловодск, ул. 40 лет Октября, д. 16, кв. 15 ;1162651071945;;
"Общество с ограниченной ответственностью Управляющая компания ""ЭТАЖИ""";2635824886;355035, РОССИЯ, СТАВРОПОЛЬСКИЙ КРАЙ, ГОРОД СТАВРОПОЛЬ Г.О., СТАВРОПОЛЬ Г., ЛЕНИНА УЛ., Д. 264, ОФИС 15;1132651027926;;
"Общество с ограниченной ответственностью ""Элит-сервис""";2635224085;355044, Ставропольский край, ул. Васильева, д. 31, оф. 4;1162651078039;;
"Общество с ограниченной ответственностью ""АМИТ""";2636209259;355037, Ставропольский край, город Ставрополь, улица Серова, д. 6А, оф. 58;1152651030344;;
"Общество с ограниченной ответственностью ""Городской Стиль""";2635812320;355042, Ставропольский край, г. Ставрополь,            ул. Доваторцев. д. 49/2, офис 1;1122651015508;;
"Общество с ограниченной ответственностью Управляющая компания ""ЭлитКомфорт""";2632105555;357501, Ставропольский край, г. Пятигорск, ул. Дегтярева, д. 62, квартира 1;1162651068876;;
"Общество с ограниченной ответственностью ""Управляющая компания ""АЛЕКСАНДРИТ""";2635224977;355000, Ставропольский край, г. Ставрополь,                     ул. Пирогова, д. 62, корп. 6, офис 1;1172651000587;;
"Общество с ограниченной ответственностью Управляющая Компания ""СПЕКТР""";2630048090;357207, Ставропольский край, Минераловодский район, г. Минеральные Воды, ул. Новоселов,             д. 5А;1162651079744;;
"Общество с ограниченной ответственностью ""Жилой Комплекс ""КВС""";2626046319;357623, Ставропольский край, г. Ессентуки,               ул. Буачидзе, д. 1-5;1172651004283;;
"Общество с ограниченной ответственностью ""Экспо""";2634098705;355004, Ставропольский край, г. Ставрополь, переулок Крупской,                д. 29, офис 303;1162651079106;;
"ОБЩЕСТВО С ОГРАНИЧЕННОЙ ОТВЕТСТВЕННОСТЬЮ ""ГОРОД-26""";2607021541;356140, Ставропольский край, Изобильненский г.о., г. Изобильный, ул. Советская, д. 2, кв. 115А;1172651004844;;
"Общество с ограниченной ответственностью ""Управляющая компания Солнечный дом""";2628058278;357700, Ставропольский край, г. Кисловодск,               ул. Андрея Губина,                 д. 15, оф. 22;1172651007275;;
"Общество с ограниченной ответственностью ""Возрождение""";2631036130;357100, СТАВРОПОЛЬСКИЙ КРАЙ, НЕВИННОМЫССК ГОРОД, ГАГАРИНА УЛИЦА, ДОМ 51, КВАРТИРА 53;1172651005735;;
"Общество с ограниченной ответственностью ""ЭВЕРЕСТ""";2635207604;355045, Ставропольский край, г. Ставрополь,             ул. Пирогова, д. 92;1152651002283;;
"Общество с ограниченной ответственностью ""ВИКТОРИЯ""";2610019817;357001, КРАЙ СТАВРОПОЛЬСКИЙ, РАЙОН КОЧУБЕЕВСКИЙ, СЕЛО КОЧУБЕЕВСКОЕ, УЛИЦА ФАБРИЧНАЯ, ДОМ 92, КВАРТИРА 1;1172651013127;;
Общество с ограниченной ответственностью  «Центральная сервисная служба»;2609024643;355003,   г. Ставрополь,  ул. Ломоносова, д. 23, офис 401-402;1172651011312;;
"Общество с ограниченной ответственностью ""Доверие""";2632108700;357502, Ставропольский край, г. Пятигорск,               ул. Нежнова, д. 21,              корп. 4, пом. 28, 29;1172651015448;;
"Общество с ограниченной ответственностью ""СТАРТ""";2614021493;356884, Ставропольский край, Нефтекумский район, г. Нефтекумск, ул. Леонова, д. 129;1172651019254;;
"Общество с ограниченной ответственностью ""Империя""";2636214033;355008, Ставропольский край, г. Ставрополь,             ул. Нижняя, д. 77;1172651012269;;
"Общество с ограниченной ответственностью Управляющая компания ""Домашний уют""";2629012371;357340, Ставропольский край, г. Лермонтов, ул. Волкова, д. 11;1172651018440;;
"Общество с ограниченной ответственностью ""Управляющая компания ГРАДЪ""";2634100489;355008, Ставропольский край, г.Ставрополь, просп. К. Маркса, д. 7, корпус 2, офис 423-424;1172651015580;;
"Общество с ограниченной ответственностью ""Фаворит""";2623028826;356246, Ставропольский край, Шпаковский район, город Михайловск, улица Любимая, дом 9, офис 4/2;1172651022642;;
"Общество с ограниченной ответственностью ""Строительная компания Гефест""";2630049136;357217, Ставропольский край, Минераловодский район, поселок Анджиевский,  ул. Заводская, д. 34, оф 1;1172651022037;;
"Общество с ограниченной ответственностью ""Управляющая компания Мастер""";2636215076;355001, Ставропольский край, г. Ставрополь, пр. Филатова, д. 48;1182651000322;;
"Общество с ограниченной ответственностью ""КОМФОРТНОЕ ЖИЛЬЕ МВ""";2630049190;357217, Ставропольский край, Минераловодский район, г. Минеральные Воды, ул. 50 лет Октября, д. 55;1172651023380;;
"Общество с ограниченной ответственностью УПРАВЛЯЮЩАЯ КОМПАНИЯ ""ЕДИНЫЙ ГОРОД""";2634101965;355003, Ставропольский край, г. Ставрополь, ул. Дзержинского, д. 160, офис 1203;1182651001631;;
"Общество с ограниченной ответственностью Управляющая Компания ""Вектор""";2632110227;357560, КРАЙ СТАВРОПОЛЬСКИЙ, ГОРОД ПЯТИГОРСК, ПОСЕЛОК ГОРЯЧЕВОДСКИЙ, УЛИЦА РОДНИКОВСКАЯ, ДОМ 16;1182651000091;;
"Общество с ограниченной ответственностью ""Новый дом""";2634102060;355035, Ставропольский край, г. Ставрополь, ул. Ленина, д. 264, помещение 15;1182651002423;;
"Общество с ограниченной ответственностью ""Минераловодская эксплуатационная компания""";2630049312;357202, Ставропольский край, Минераловодский район, г. Минеральные Воды, ул. Тбилисская, д. 6А;1172651025590;;
"Общество с ограниченной ответственностью Управляющая компания ""РЕГИОН-ГЕО""";2626047369;357600, Ставропольский край, город Ессентуки, улица Пятигорская, д. 24/1;1182651003215;;
"Общество с ограниченной ответственностью ""ОТКРЫТИЕ""";2631037327;357118, Ставропольский край, г.о. Город Невинномысск, г. Невинномысск, ул. 3 Интернационала, стр. 128;1182651005350;;
"Общество с ограниченной ответственностью Группа компаний ""Эталон""";2625068550;357820, Ставропольский край, город Георгиевск, улица Пушкина, дом 48, офис 11;1172651025194;;
"Общество с ограниченной ответственностью ""Управляющая компания ""ЦЕНТР""";2628058976;357736, Ставропольский край, город Кисловодск, улица Азербайджанская, д. 1, квартира 78;1182651005547;;
"Общество с ограниченной ответственностью ""Управляющая компания ""Монолит""";2627026820;357433, Ставропольский край, г. Железноводск, пос. Иноземцево,ул. Промышленная, д. 9, пом. 20;1182651011696;;
"Общество с ограниченной ответственностью Управляющая компания ""ПРОФИ""";2635208703;355003, Ставропольский край, г. Ставрополь, ул. Дзержинского, д. 158, оф. 152;1152651006551;;
"Общество с ограниченной ответственностью ""Управляющая компания ""Панорама СК""";2635234686;355000, Ставропольский край, г. Ставрополь, ул. Пирогова, д. 5А, корп. 2, помещение 2;1182651008825;;
"Общество с ограниченной ответственностью Управляющая компания ""Вертикаль""";2626047577;357635, Ставропольский край, г. Ессентуки, ул. 60 лет Октября, д. 1, корп. 1;1182651009584;;
Общество с ограниченной ответственностью Эксплуатационная компания «ПНХ»;2630048929;357217, Россия, Ставропольский край, Минераловодский г.о., п. Анджиевский., ул. Заводская., д. 2;1172651017923;;
"Общество с ограниченной ответственностью ""ГАММА""";2635234654;355035, Ставропольский край, г. Ставрополь, ул. Маршала Жукова, д. 5, оф. 8;1182651008814;;
Индивидуальный предприниматель Силантиева Марина Александровна;2,63214E+11;357500, Ставропольский край, г. Пятигорск,                      ул. Февральская, д. 1, кв. 11;316265100108567;;
"Общество с ограниченной ответственностью ""Планета""";2635235520;355000, Ставропольский край, г. Ставрополь,                    ул. Пирогова, д. 96,    кв. 57;11826510121417;;
"Общество с ограниченной ответственностью ""Управляющая компания Оптимист""";2635236210;355045, РОССИЯ, СТАВРОПОЛЬСКИЙ КРАЙ, ГОРОД СТАВРОПОЛЬ Г.О., СТАВРОПОЛЬ Г., СТАВРОПОЛЬ Г., ПИРОГОВА УЛ., Д. 18А, ОФИС 41;1182651014435;;
"Общество с ограниченной ответственностью ""Управляющая компания Сириус""";2635236027;355041, Ставропольский край, г. Ставрополь, ул. Мира, д. 358, квартира 62;1182651013841;;
"Общество с ограниченной ответственностью Управляющая компания ""Просторная""";2626801064;357623, КРАЙ СТАВРОПОЛЬСКИЙ, ГОРОД ЕССЕНТУКИ, УЛИЦА ВИНОГРАДНАЯ, ДОМ 6,;1122651013308;;
"Общество с ограниченной ответственностью ""Элитар""";2635220186;355040, Ставропольский край, г. Ставрополь, ул. 50 лет ВЛКСМ, д. 16а, оф. 68;1162651063717;;
"Общество с ограниченной ответственностью ""Альта""";2631039282;357106, Ставропольский край, город Невинномысск, улица Апанасенко, дом 9;1182651018714;;
"Общество с ограниченной ответственностью ""Кировский""";2609025220;357300, Ставропольский край, Кировский район, город Новопавловск, улица Мира, дом 201;1182651020353;;
"Общество с ограниченной ответственностью Управляющая Компания ""Ирбис""";2632111083;357528, Ставропольский край, г. Пятигорск, ул. 5-й переулок, д. 13;1182651009166;;
"Общество с ограниченной ответственностью Управляющая организация ""Вишневый сад""";2627026393;357437, Ставропольский край, г. Железноводск, поселок Иноземцево,ул. Согласия, д.  1, корп. 5-6, кв. 3;1172651005603;;
"Общество с ограниченной ответственностью Управляющая организация ""РОМАШКА-СК""";2625071143;357820, Ставропольский край, г. Георгиевск, ул. Октябрьская, д. 134/1, помещение 2;118265102180;;
"Общество с ограниченной ответственностью Управляющая компания ""Южный город""";2635237581;355017, Ставропольский край, г.о. Город Ставрополь, пер. Зоотехнический, д. 13А;1182651020309;;
"Общество с ограниченной ответственностью  Управляющая компания ""ВИД-Элит""";2636215968;355016, Ставропольский край, г. Ставрополь, ул. Чапаева, д. 7, корпус В, офис 2;1182651018318;;
"Общество с ограниченной ответственностью Управляющая компания ""Созвездие""";2636216087;355047, Ставропольский край, г. Ставрополь, пер. Макарова, д. 8, помещение 85;1182651020606;;
"Общество с ограниченной ответственностью ""Семь-Я""";2634103190; 355004, РОССИЯ, СТАВРОПОЛЬСКИЙ КРАЙ, ГОРОД СТАВРОПОЛЬ Г.О., СТАВРОПОЛЬ Г., СТАВРОПОЛЬ Г., МИРА УЛ., Д. 267, ОФИС 2;1182651015910;;
"Общество с ограниченной ответственностью "" Управляющая компания ""Ваша""";2632112778;357560, Ставропольский край, г. Пятигорск, поселок Горячеводский, проспект Советской Армии, дом 19, помещение 3;1192651001564;;
"Общество с ограниченной ответственностью Управляющая компания ""Веста""";2623029996;356246, Ставропольский край, г. Михайловск, ул. Музыкальная, д. 6, офис 15;1192651002840;;
"Общество с ограниченной ответственностью ""РСО Изобильненского района""";2607023002;356126, Ставропольский край, Изобильненский район, посёлок Солнечнодольск, ул. Набережная, д. 10, офис 23;1192651003478;;
"Общество с ограниченной ответственностью ""ТЕХДОМ""";2603001030;357070, Ставропольский край, Андроповский район, село Курсавка, ул. Строителей, д. 12А, офис 2;1192651002884;;
"Общество с ограниченной ответственностью Управляющая компания ""Терем""";2634103747;355000, Ставропольский край, г. Ставрополь, ул. Пушкина, д. 69, офис 111;1182651021520;;
"Общество с ограниченной ответственностью ""Управляющая компания Лофт""";2636216457;355013, Ставропольский край, г.Ставрополь, ул. Чехова, д. 67, пом. 13;1192651004040;;
"Общество с ограниченной ответственностью ""Импульс""";2635221574;355011, Ставропольский край, г. Ставрополь, ул. 45 Параллель, д. 32, оф. 39;1162651068744;;
"Общество с ограниченной ответственностью ""Югжилбизнес""";2610020354;357000, Ставропольский край, Кочубеевский район, с. Кочубеевское, ул. Октябрьской Революции, д. 45;1192651006020;;
"Общество с ограниченной ответственностью ""Гарант Минеральные Воды""";2630050580;357209, Ставропоьский край, Минераловодский район, г. Минеральные Воды, ул. Карла Либкнехта, д. 11, оф. 2/2;1192651008813;;
"Общество с ограниченной ответственностью ""Управляющая компания ""Восток""";2624035079;365805, Ставропольский край, Будённовский м.о., г. Буденновск, мкр. 3, д. 19А;1192651002455;;
"Общество с ограниченной ответственностью Многопрофильное универсальное предприятие ""Орбита""";2634104927;355012, Ставропольский край, г. Ставрополь, ул. Московская, д. 65, офис 2;1192651010309;;
"Общество с ограниченной ответственностью ""УК Очаг""";2636050561;355001, Ставропольский край, г. Ставрополь, ул. 50 лет ВЛКСМ, д. 109, оф. 304;1062635141260;;
Индивидуальный предприниматель Белогубов Александр Александрович;2,62603E+11;355 042, Ставропольский край, Кировский городской округ, г. Новопавловск, ул. Красная, д. 271, кв. 18;316265100148206;;
"Общество с ограниченной ответственностью Управляющая компания ""СтавРавелин""";2634105261;355035, Ставропольский край, г. Ставрополь, ул. Маршала Жукова, д. 21А, офис 4;1192651013785;;
"Общество с ограниченной ответственностью Региональная управляющая орагнизация ""ЭКСПЕРТ""";2631040601;357108, Ставропольский край, г. Невинномысск, ул. Белово, д. 7, кв. 45;1192651012729;;
"Общество с ограниченной ответственностью ""Управляющая компания ""Сармат""";2634105430;355017, Ставропольский край, г. Ставрополь, ул. Мира, д. 309, кв. 24;1192651015457;;
"Общество с ограниченной ответственностью ""Специалист""";2607023203;356126, Ставропольский край, Изобильненский г.о., пос. Солнечнодольск, ул. Молодежная, зд. 4, помещ. 14;1192651016051;;
"Общество с ограниченной ответственностью ""Сити-С""";2626048901;357623, Ставропольский край, г. Ессентуки, ул. Маяковского, д. 17, кв. 72;1192651016546;;
"Общество с ограниченной ответственностью Управляющая компания ""Олимп""";2607023193;356140, Ставропольский край, г. Изобильный, ул. Ленина, д. 115/1;1192651015248;;
"Общество с ограниченной ответственностью Управляющая компания ""Маяк""";2626048771;357600, Ставропольский край, г. Ессентуки, ул. Никольская, д. 21, корп. 1, оф. 1;1192651013950;;
"Общество с ограниченной ответственностью Управляющая Компания ""Созидание""";2628060012;357700, Ставропольский край, г. Кисловодск. Ул. Ге Ксении. Д. 24, кв. 4;1202600000129;;
"Общество с ограниченной ответственностью Управляющая компания ""Новатор""";2626049207;357633, Ставропольский край, г. Ессентуки, ул. Вокзальная, д. 57А, кв. 37;1202600001592;;
"Общество с ограниченной ответственностью ""Лермонтов Сервис""";2629800750;357340, Ставропольский край, г. Лермонтов, ул. Октябрьская, д. 48;1132651021656;;
"Общество с ограниченной ответственностью Управляющая Компания ""СТАВГРАД""";2635244780;355040, Ставропольский край, г. Ставрополь ул. 50 лет ВЛКСМ, д. 14б, оф. 3;1202600002483;;
"Общество с ограниченной ответственностью ""УК Выбор""";2635213485;355040, Ставропольский край, г. Ставрополь, пр. Ворошилова, д. 1, оф. 316;1152651024404;;
"Общество с ограниченной ответственностью ""Держава""";2634050460;355029, Ставропольский край, г.о. Город Ставрополь, г. ставрополь, ул. Ленина, д. 480Б, помещ. 9;1022601985350;;
"Общество с ограниченной ответсвенностью Управляющая компания ""204 квартал""";2634107389;355013, Ставропольский край, г. Ставрополь, ул. Чехова, д. 85/18, кв. 28;1202600010986;;
"Общество с ограниченной ответственностью ""ГРААЛЬ СЕРВИС""";2632115634;357500, Ставропольский край, г. Пятигорск, пр. 40 лет Октября, д. 28, корп. 3, оф. 4;1202600003110;;
"Общество с ограниченной ответственностью ""Управляющая Компания""ССК""";2636218214;355008, Ставропольский край, г. Ставрополь, ул. Войтика, д. 10/1,оф. 2;1202600010568;;
"Общество с ограниченной ответственностью ""УПРАВЛЯЮЩАЯ КОМПАНИЯ ""ГАРМОНИЯ""";2632116349;357502, Ставропольский край,   г. Пятигорск, ул. Оранжерейная, д. 17, кв. 97;1202600008940;;
Индивидуальный предприниматель Шамухин Александр Валентинович;2,61702E+11;356502, Ставропольский край,   Петровский район,  г. Светлоград,ул. Кольцевая, д. 9;320265100092027;;
"Общество с ограниченной ответственностью Управляющая компания ""Иволга""";2601800397;355003, Ставропольский край,   г. Ставрополь,   ул. Дзержинского, д. 158, оф. 306;1132651032854;;
"Общество с ограниченной ответственностью ""Управляющая организация ""Ближе к Вам""";2635238137;355029, Ставропольский край,  г. Ставрополь, ул. Мира, д. 455/А, оф. 12;1202600007940;;
"Общество с ограниченной ответственностью Управляющая компания ""ЭМКА""";2636218310;355016, Ставропольский край,  г. Ставрополь,  пр. Чапаевский, д. 57, пом. 5;1202600012230;;
"Общество с ограниченной ответственностью  ""Аспект""";2626049976;357635, Ставропольский край,  г. Ессентуки,  ул. 60 лет Октября,  д. 4, кв. 41;1212600000546;;
"Общество с ограниченной ответственностью  ""Потенциал""";2623031378;356246, Ставропольский край, Шпаковский район,  г. Михайловск, ул. Ишкова, д. 93, кв. 67;1202600011459;;
"Общество с ограниченной ответственностью Управляющая компания ""Сфинкс""";2610020555;357000, Ставропольский край, Кочубеевский район,   с. Кочубеевское,  ул. Октябрьской Революции, д. 46;1202600007940;;
"Общество с ограниченной ответственностью ""Экспресс""";2628060527;357703, Ставропольский край, г. Кисловодск,  ул. К. Цеткин,  д. 39;1212600000183;;
"Общество с ограниченной ответственностью Управляющая Компания ""АСТРАЖИЛСЕРВИС""";2632117335;357502, Ставропольский край,  г. Пятигорск, ул. Малыгина, д. 24/32А, помещ. 1;1212600000986;;
"Общество с ограниченной ответственностью Управляющая компания ""Юпитер""";2626049983;357601, Ставропольский край,    г. Ессентуки, ул. Чапаева,  д. 73А;1212600000964;;
"Общество с ограниченной ответственностью ""Континент""";2631041972;357112, Ставропольский край,  г. Невинномысск, ул. Менделеева,  стр. 37, оф. 51;1212600001250;;
"Общество с ограниченной ответственностью ""Управляющая компания ""Дома Предгорья""";2618024505;357351, Ставропольский край, м.о. Предгорный, ст-ца Ессентукская, ул. Садовая, д. 29, к. 2, кв. 6;121260004385;;
"Общество с ограниченной ответственностью ""Теплый край""";2618024537;357350, Ставропольский край, м.о. Предгорный, ст-ца Ессентукская, ул. Павлова, д. 10 А, корп. 2, кв. 12;1212600005837;;
"Общество с ограниченной ответственностью ""Управляющая компания "" Новороссийская""";2635250751;355032, Ставропольский край, г.о. город Ставрополь, г. Ставрополь, ул. Тухачевского, д. 25/7, помещ. 7;1212600010809;;
"Общество с ограниченной ответственностью Управляющая компания ""МААТ-СЕРВИС""";263211683;257501, Ставропольский край, г. Пятигорск, ул. Крайнего, д. 49, оф. 409;1212600012944;;
"Общество с ограниченной ответственностью ""ВТОРОЕ-ДУ""";2628060774;357748, Ставропольский край, , г.о. город-курорт Кисловодск, пр-кт Победы, д. 159, кв. 118;1212600007795;;
"Общество с ограниченной ответственностью ""ЛарДом""";2626050097;357600, Ставропольский край, г.о. город Ессентуки, ул. Долина Роз, д. 23, кв. 60;1212600003461;;
"Общество с ограниченной ответственностью ""Серебряный ключ""";2635249467;355017, Ставропольский край, г.о. Город Ставрополь, пер. Зоотехнический, д. 13А;1212600006266;;
"Общество с ограниченной ответственностью ""ХОУМ СЕРВИС";2635250984;355028, Ставропольский край, г.о. город Ставрополь, ул. Рогожникова, д. 15, кв. 379;1212600011690;;
"Общество с ограниченной ответственностью ""Управляющая компания ""Рубин""";2631042221;357108, Ставропольский край, г.о. город Невинномысск, г. Невинномысск, пл. 50 лет Октября, д. 12, кв. 31;1212600006178;;
"Общество с ограниченной ответственностью ""Департамент жилищно-коммунального хозяйства""";2604006312;355005, Ставропольский край,  г.о. Город Ставрополь, ул. Тельмана, двлд. 103;122260000263;;
"Общество с ограниченной ответственностью  Управляющая компания ""СЕРВИС-РЕГИОН""";2635252420;355011, Ставропольский край, г.о. город Ставрополь, г. Ставрополь, ул. 50 лет ВЛКСМ, д. 93, офис 187;1182651015513;;
"Общество с ограниченной ответственностью ""Управляющая компания Кварц""";2635252460;355041, Ставропольский край, г.о. город Ставрополь, г. Ставрополь, ул. Краснофлотская, стр. 88/1, помещ. 60;1222600002460;;
